username,email,password
sblock0,cbegg0@list-manage.com,iW4|a.8U~K
deglaise1,ehartop1@typepad.com,"oT6,`*L`"
cglavin2,slosebie2@geocities.com,mV7=2$OerbW_r%i
haddicote3,ccawsy3@huffingtonpost.com,"jC3#oz,9"
tdonaldson4,stremblet4@uiuc.edu,xX3/0U+27RZ\d
afurmage5,ccutmore5@over-blog.com,pC8/Em_ZZPJ
okristufek6,rtrippack6@geocities.jp,wV6$~df33e<!=
bconner7,cbrocklebank7@discuz.net,uX4+9/l1R3qxx<%e
mseakes8,mhuband8@eventbrite.com,"vZ1""&TLtL.'F"
nkryzhov9,kdewsnap9@privacy.gov.au,lY8%)I$K.jte63$
jbroadfielda,sarondela@auda.org.au,jT0?_w#82}
cszanthob,fescrittb@buzzfeed.com,dM2`h2qg#j{l>QyA
lskehanc,vcuffleyc@globo.com,mS6%4\QN49a'Eip
cpeetd,ojirzikd@mapy.cz,cG9!Ot$o~MW?V
jjanowskie,kpowtere@github.com,eB3(VP4DXB22
marnizf,dpaulsenf@pbs.org,fY4`MFe+QEPR7NeZ
mfehnersg,mcustardg@cloudflare.com,wF2#j2(@A
lmallenderh,aitzkovichh@google.ca,jL7)U7i?4)<K06cD
fstarki,tsaffilli@github.io,"dJ8&`""?RCeq4%Y"
lstoylej,seydenj@phoca.cz,"aN6|3,~a"
rmcfetrichk,astrotherk@nih.gov,sN9.)N`nEM
jshelsherl,acowchal@woothemes.com,mX2#f>mWmF5cM
hanglessm,dbrabinm@over-blog.com,"vN7~$J""'AJ9_(EA"
lducaenn,cdumbarn@cloudflare.com,uW7&4noW'p
mguilloneauo,skurtono@canalblog.com,gD9(QGuLcTzmN5
csucklingp,gbonaviap@wikispaces.com,mH4!|G&<X6%
alawlingsq,faimableq@free.fr,dW3@r$cr.39
hzecchinellir,cortellsr@state.tx.us,sG8.<Nr6YD3!|f
gcasalis,dspracklings@icq.com,qH6&'ou2ee<.
ilogest,ashipmant@dailymotion.com,"vM6""J@\z"
dbattillu,ctrawinu@arstechnica.com,kN6/$=wW$OeL@T)7
emantionev,ccramphornv@wikipedia.org,oF5=J\*x
eheeleyw,bwerrettw@slideshare.net,mO4*1l1Ck@hd
lwickettx,hmilbyx@deviantart.com,eN6?iM1MWX|SPq*
agookeyy,hmapisy@mozilla.org,qB8*\geH
rpuddefootz,tperrinsz@google.com.hk,lM7/wn=5#lZ
sferns10,landrolli10@stumbleupon.com,xG5_so3'rK2IY
rhaselhurst11,mpetrussi11@hexun.com,dT0!maWN_1+s
mrobbeke12,loccleshaw12@ed.gov,eL2<Wi8i6NMq33
blerven13,cdrabble13@irs.gov,"wZ4,W%)9.$3Qy6O"
jcreelman14,epippin14@china.com.cn,"hI7?rc,Z"
cdouthwaite15,rmartinat15@hubpages.com,"lU6""0Q/n"
lgreggersen16,cdavison16@epa.gov,aK8=t<n'MeV6H`y\
aspringtorpe17,idaviddi17@slideshare.net,iC7+GzrRsb'
zoneal18,gmaskew18@guardian.co.uk,kG1/mH7y@'$F8
tcatford19,cmendonca19@ucsd.edu,lG6_HN4@RgfW_&z
afaulconer1a,wwooles1a@cnet.com,"wZ8)N{,gx""0.(J6_"
jmcnerlin1b,alouca1b@amazon.de,fY5({K|/vydf}s
jbuckthorpe1c,djaggar1c@jigsy.com,yQ4~3A**1l>B8s_l
hransbury1d,lrieflin1d@rediff.com,"rJ8&lPua,A"
gbangle1e,cpinfold1e@unc.edu,"tK6/""S}D31IyLgsu"
alehrer1f,dgoolden1f@cargocollective.com,yR3\zw?\#yY
chales1g,tspendley1g@auda.org.au,"eF7|Gv(W{futL,l"
ocuttles1h,nfierro1h@odnoklassniki.ru,yL3`\0tD./gh6nG
lorwin1i,ewaddoups1i@surveymonkey.com,hA8|u~f1
ctweedle1j,pmcneilly1j@gizmodo.com,uY2%2ZJp0<`bSn
kmacgiolla1k,tmouse1k@deviantart.com,fB7(WF#qh
clocket1l,vfairlam1l@php.net,"zP2*g<.B|~,2xD?"
lrobertelli1m,omapston1m@vk.com,oH0\'f0CVq\
bsnook1n,thargroves1n@cnn.com,dK3{Ybi=lg2>6Sg
ucraythorn1o,eshakeshaft1o@ed.gov,vE9+%kqPfqnH
bmorfell1p,dberlin1p@elpais.com,aV3!$fM5C(
hwinspear1q,thelis1q@w3.org,dF9~SUs4/MB
jrutigliano1r,pdehoogh1r@psu.edu,vQ1{bcYkhRtp
cgwynn1s,rkretschmer1s@harvard.edu,eX8{3M%S
gsewter1t,scottee1t@usatoday.com,tL9\9pYGj7}(v7LR
klangstone1u,pendacott1u@list-manage.com,yL6@8/)(d<1W
gvowels1v,cdorwood1v@clickbank.net,uJ8%tG|NJOI
cmacmenemy1w,dboule1w@hhs.gov,uE8%xXLphs&>M
evelasquez1x,kscupham1x@weibo.com,pK8%x'w1k}&h
mpietrowicz1y,cpaulsson1y@1688.com,rF0$?)Q~.
evarden1z,rpatriche1z@github.io,xX7`xbdD=5X`*jHq
plamport20,ftenant20@xing.com,"pJ5""8+\V"
eblodget21,dodams21@omniture.com,wR1{3sj{%TF\&
xgarroch22,aburnel22@is.gd,"rV7,%rKE4\"
mpaike23,cmcqueen23@ustream.tv,kN9>UrfMqv9
rkearle24,mwimpress24@cmu.edu,"hI5&)w""xnd)"
mstrethill25,dsprague25@psu.edu,"kY1}0t""cDiljg"
rexrol26,bsargeaunt26@intel.com,oG9/y+yFg
rbrownsett27,acormack27@marketwatch.com,"wX8%0fV_$*O*t""b|"
dmatthieson28,snew28@wix.com,pV5\KY5JQHi(|AMu
nedgars29,hwellbank29@samsung.com,"lI8+,C<lV"
cmanuely2a,gtinton2a@wunderground.com,"iU8""zi8{n"
tbellenie2b,tklosges2b@gmpg.org,xP6(Y+DjW=g'
rgartin2c,kworboys2c@nbcnews.com,lM3~Ha&$GiLL
bmanjot2d,hcalltone2d@cnn.com,bF7`+u$egfAWn%a
cflowerdew2e,hcoo2e@vkontakte.ru,"xJ3~MZ05}Y""5T1<"
nmardle2f,mbootes2f@com.com,oP2>3Z`nP
gwinnard2g,cheintze2g@bloomberg.com,"nK0""pUy5ieiT}"
jaskem2h,molkowicz2h@upenn.edu,xJ3@_I{K
lbernette2i,cpunyer2i@wordpress.org,"vX5<oShr,|aT"
sdantesia2j,ldurdle2j@wordpress.com,sL2_|U{a
wfarra2k,egerdes2k@wunderground.com,dH8!G&P&7
ecarlone2l,tquixley2l@cpanel.net,gL1\D9SS=3%>$
agorce2m,hmerman2m@ifeng.com,sG3%%9m|/OwV
gtewkesberrie2n,cbarkway2n@wired.com,dK9&a%uR/
vscudder2o,mscuffham2o@eventbrite.com,cX6>YG#$aT*>v?XP
rateridge2p,ccolter2p@cnn.com,"eD3?{CH0S""saD&"
gfautley2q,tfoddy2q@msu.edu,tL6@q&@qyHiKL!bD
erichly2r,wscheu2r@sphinn.com,qV1$B&`bXK/2vb)
aschiersch2s,rcrim2s@about.me,uH8'D}+Jl.kl<
nnazaret2t,ddiwell2t@ucla.edu,sI1/b'dFg<*1gv
kmiebes2u,akorfmann2u@hostgator.com,"cF1,pwC'"
acattellion2v,cpirkis2v@wikipedia.org,"qR5@W)?r,8Y(W$"
tkobera2w,elodwick2w@weather.com,dR8&8XT*TP(
kcoucher2x,lspilisy2x@purevolume.com,nE8@WYR6
cdawtrey2y,mbeagrie2y@google.it,tL0/41Huc3d
jbycraft2z,dchantree2z@fastcompany.com,sL9\h96E
tlansly30,atett30@mayoclinic.com,iX8+n(J/>$1Y
glyttle31,lhanley31@virginia.edu,yI1>Ch(UrU<p|
bwilmut32,sdunnan32@cafepress.com,"dN4)B""9&"
hgrouvel33,spetras33@live.com,yZ8|k\pj
npamment34,srowan34@guardian.co.uk,lI3=.??1'.&
tleech35,fditchett35@google.com,wG6'B$.d0N(
sdogerty36,cringsell36@is.gd,xY9_k!|~&'{
khunter37,kmckee37@washingtonpost.com,uA6/R&|V/hEY}
hfirmin38,cgeggus38@bing.com,gX8(/2{NF7xWUCM?
cfauguel39,rfarrow39@digg.com,"zS4,gg0B$Lq8a\V,"
redmundson3a,aruoss3a@merriam-webster.com,"tG3""1S5)s7p4y"
smerida3b,kpues3b@google.com.br,"rD8""C\|16t\.T5>"
kaucock3c,ksteward3c@typepad.com,"gC6|""_Zjqn1/|%w"
zratley3d,emowling3d@youtube.com,eD0\E1!y6
vstammers3e,cshemmin3e@technorati.com,jL5\n*5aG
mbirtwistle3f,sdewilde3f@exblog.jp,sY3`uOGZ}h}14Uy
lgrosvener3g,psnedker3g@e-recht24.de,nW6!d.&+
cgookey3h,czamora3h@i2i.jp,uA9}3nw}oXdGR
csaunier3i,cwines3i@google.ru,mC7\G~l_L
gmchirrie3j,asharphurst3j@comsenz.com,nB2=~DZh0DB>'H
gwisden3k,cspinnace3k@weebly.com,oZ7'W>.M
iscurfield3l,jderrington3l@amazon.com,xG4?S/=cle
fbarten3m,lfolliott3m@bigcartel.com,uI1{_oaGdg`A
jstrugnell3n,madanez3n@google.co.uk,yK3}xsc?`
aludwig3o,sleader3o@youku.com,qM5#(3L799X6Fqmn
gbarczewski3p,jgreswell3p@mapquest.com,xC3>uTID(b
jleishman3q,jstelfox3q@cafepress.com,tK5>|YXn@m{>tC
lbuttwell3r,halecock3r@irs.gov,lY0*5*k$JddC
nsummerskill3s,rmcleoid3s@paypal.com,bV1'=Y}SB})k0m$9
bglusby3t,aborley3t@pbs.org,vH0|kwsnrZ
nlevene3u,iyanov3u@blogtalkradio.com,"oM9#)ko1""t"
soquirk3v,btebbitt3v@about.me,"qJ8""\UuyuCAx*"
kpirdue3w,ecrombie3w@phpbb.com,vH3(kN#mi
mlawranson3x,gdenormanville3x@indiatimes.com,bH9/dHb7TZ'R
cremirez3y,kdudden3y@timesonline.co.uk,"uW6'eP450,d3s/5"
shazell3z,bvaadeland3z@slashdot.org,zO4#4~V2
rshreve40,dblazi40@state.tx.us,zH1/hDNA@w8bb5tv
hcapineer41,dgoodlad41@discovery.com,sX1?984Ba
pbeggi42,dpaulsson42@latimes.com,zN3+{E~$qbxnRZE
lwinstone43,lohalligan43@photobucket.com,sE0_M9)9
raldrick44,abreazeall44@craigslist.org,aW6#h39i.@
ljosephy45,bellerker45@diigo.com,nO6)~3YITEUD
jridgley46,mtunn46@cpanel.net,cR2>3MK6{
awaine47,agrimmert47@cnet.com,"fX2,R}_kU?Vt"
aclayhill48,dwastling48@e-recht24.de,jB1_r2HB6)Q~q8HN
lmanson49,treymers49@biblegateway.com,hG0%AwGkdTogh
mcrossby4a,npropper4a@1und1.de,rE8_cTi$>({8g
tburhouse4b,aocurneen4b@ovh.net,yZ8>f&RpDWy
rsandwith4c,dbunce4c@reddit.com,"xD8!%""6{"
molekhov4d,rgateley4d@guardian.co.uk,cJ1?!/DT\
sescoffier4e,rsendley4e@nyu.edu,xG0}!m}ebXWX\CY
cdegnen4f,lgookey4f@fc2.com,qX1)06n}fO>
wmcilheran4g,btindley4g@squidoo.com,"rN2>>%,""MU`z="
bwrennall4h,aletford4h@shareasale.com,wD3~4h)@J
bpoints4i,hmcvitty4i@wikipedia.org,"bS9"".Oh~iR%%<"
avedekhov4j,mcunniff4j@guardian.co.uk,fF2.Z81wc?>h
rplumer4k,lferber4k@oaic.gov.au,zA2{6$45FLid!
dboner4l,ewrigley4l@sun.com,kB2/ro2!#30S5
wivashintsov4m,phardbattle4m@fda.gov,nE5/<9g+X~y
redgerley4n,jchampken4n@blogs.com,bC1#B/(vNNC|7+9
belkington4o,nbomb4o@weather.com,bZ5\FYQy'@
vmckaile4p,creina4p@dailymotion.com,yB5'(40{cUVQ~%g
lmugridge4q,molenchikov4q@seesaa.net,hZ1@zSC*`jsY
rfruchter4r,gradnedge4r@nationalgeographic.com,"mS5<f5spOkN\"""
tcardoo4s,asilk4s@loc.gov,"aX6%"")}bw\GCL"
ofells4t,balmey4t@discuz.net,nI0<wcd/!F|'cq`D
vbarszczewski4u,lgommey4u@freewebs.com,"cG9\bbwmU>Am!"""
jchesman4v,sdhooge4v@businessinsider.com,dG9}nOe}?Vn!
ehaysman4w,czapata4w@example.com,lW3!6Gd!KJC}
noldcroft4x,aseatter4x@imdb.com,oK0$>HfxP&
mmohan4y,iattridge4y@cloudflare.com,qZ0+So/AP
hourry4z,ccholmondeley4z@google.co.uk,"kL9_""/)DRDqZeu"
sgilbee50,scotterrill50@zdnet.com,qZ4_sAEYy
brawstorn51,ljerdein51@wufoo.com,uP6!&&.Ggq+2!
dwhitewood52,ldomenget52@aboutads.info,oB1=T1.?.z
kliggens53,gdanilovich53@bbb.org,"pB0,9gyd/"
sstart54,cflaunders54@linkedin.com,sS9{m6D1t}4
aletch55,oalliott55@vk.com,gV1`2~%H9x)eT
gtoomer56,ebodham56@wikia.com,qV7{D3~KtFc@.0Q
cevett57,mpostlethwaite57@paginegialle.it,"fT5.A""?0"
wmixworthy58,abrent58@moonfruit.com,gV2\}6Xq'u>1+.r
lculpan59,skleis59@nyu.edu,yX6!8Bi*rB
pmcgrath5a,jmum5a@bloomberg.com,pU0/p@5#pbl*F+
pbegent5b,wmoorman5b@loc.gov,nB8/Ys{%7sK
razema5c,jmccaghan5c@a8.net,sJ1\><SknH
lreeman5d,tgiovanitti5d@ihg.com,bH1&=K5a
jpirelli5e,asans5e@qq.com,uW4?z?Fx%!
senoch5f,aattree5f@hp.com,mI1~`&GXB
tbrandhardy5g,nreyne5g@bravesites.com,"jL4"")9VIs"
kshipley5h,cmacmillan5h@mozilla.org,nP3#Jxaapg5P?ZE
ffurze5i,msilverman5i@senate.gov,lN3~x}kRd>f
bshimoni5j,sstoute5j@shareasale.com,"uU3*Lz'Q6V""|"
jbonnin5k,msuter5k@flavors.me,mB3$xSM+n%WZ
fpoulton5l,wkemston5l@t-online.de,"sF7,A|,CY"
bbrownhill5m,egriffith5m@ifeng.com,"nX2+Nu*,K4hYG"
sgiddy5n,rlamberts5n@mediafire.com,eW0`iJjOML*nQ
hjeger5o,jdurnall5o@usatoday.com,hE9'y|'P
lsaben5p,avigus5p@slashdot.org,"qY2,ff+6"
gfullegar5q,afayter5q@php.net,tV8\ztD9M
beykel5r,ggreetland5r@sitemeter.com,dO0@VadWE
hderricoat5s,zdemange5s@tinypic.com,sH5_ZR@ZGXhfF`<
kclampe5t,dhutchins5t@diigo.com,rP6#WAFr5
vmcclarence5u,mlinebarger5u@addthis.com,tH4@rOobXi#|!w#
tstuckey5v,jduiguid5v@dmoz.org,"cZ2(1p}2ROKh70""I"
kianitti5w,mcumo5w@yellowbook.com,"vI8,v{DJ"
rbickerton5x,sdenacamp5x@tripod.com,qS7'QXWM`B
abantham5y,beary5y@boston.com,"sG0`l,bA{!"
lilyasov5z,fmallall5z@marketwatch.com,mU5$8A)5
ahathorn60,adunbobin60@theglobeandmail.com,wA1{OY)ZN
fbarlee61,cscarce61@engadget.com,gP6/FLJDW
lflemming62,dtyrone62@dailymotion.com,lJ8\Ab{>OV!@t~
llampet63,mguichard63@myspace.com,yY6=?dqeUy>
tchartres64,etretter64@berkeley.edu,aF6#BnyVw
astatton65,klampe65@pbs.org,jX6\$Bip0B
lgood66,ecordrey66@yolasite.com,qQ7!Kn)&LOK
rfarnin67,icaustic67@g.co,gT7\qqae`QJ
ggiorgeschi68,jnezey68@abc.net.au,tF2\HL%+q'pa
mstribbling69,cwickey69@comsenz.com,gY4\|O*z7
wmarien6a,vnilges6a@oaic.gov.au,zD8|Uy=<C
wbrowning6b,fpeiser6b@illinois.edu,iR1.jQ#EKrYI'
fcarlesi6c,kladell6c@intel.com,xL1$HpeM.YWXcx
srushsorth6d,jmcnish6d@wikispaces.com,kS7>4<NP
nwilleson6e,gpadilla6e@over-blog.com,zZ6#KbM|).T=
bduthie6f,jocheltree6f@lulu.com,"tL5""vd<MP8iU"
elampert6g,lgyrgorwicx6g@npr.org,"kH2""sS4XR\cr*="
htremoulet6h,vbrahams6h@yellowbook.com,mH1%q7)W!Pur
ghannibal6i,cmotherwell6i@accuweather.com,"yD6""WI%'veS"
npendered6j,wohearn6j@sun.com,aR0_#iK3%
krumney6k,dvaux6k@ow.ly,kR4%dpGa
jstathers6l,rbriscam6l@home.pl,yS7/UPvm*&d
rcaldroni6m,usteffens6m@csmonitor.com,fM5~L0NkP
oshreenan6n,dweathey6n@wired.com,xT3?pEsgHQt
rberrigan6o,rcrehan6o@loc.gov,mS6.tLz4?pEP9
tcrosoer6p,cmcveagh6p@tinypic.com,eP1.8OG2#3BsgGQ
okingdon6q,agebuhr6q@cisco.com,hM9(!=)6ha
auzielli6r,testrella6r@elegantthemes.com,"tP9""XsP>f8(0<("
jranderson6s,isilverman6s@alibaba.com,rK1~ES\Iu
dbyrth6t,givanenkov6t@hostgator.com,nB9+PQw<
dcrennan6u,jnottingham6u@uiuc.edu,hU2'isx{L
hramalho6v,mtipton6v@cnn.com,nS7?HNl=X>Zp
jsporton6w,cgogan6w@pagesperso-orange.fr,"oR9,xgT~u<zr`|E"
arilings6x,lkinsey6x@jimdo.com,zI4*e=(Kd{Q=BY
prabson6y,tvallis6y@canalblog.com,eE8|V{T1/dyW
atout6z,rinsley6z@dell.com,"rH7,MGhCBPycFe"
tcoots70,lbleacher70@blinklist.com,eR8#}OED%}Lm
mjosefowicz71,kcockburn71@noaa.gov,dO5&&&5Lu\>n/
nmiddas72,rsaunderson72@purevolume.com,nZ5}R4XFk@t>
npaal73,jsproson73@slideshare.net,"xT1,zWBJq>~drt9G"
dfurniss74,nburdus74@technorati.com,hW8?Ok&qh}O8
kdruhan75,dkleinsmuntz75@answers.com,iG4\YQO=|z7
ckrauze76,ehorley76@ow.ly,"oR6"",urAsD!"
rcraigmyle77,gajsik77@infoseek.co.jp,cF5>os$h}J$t03p
kcordobes78,xcoils78@bing.com,cE3+obkb8pBcBm6
amattiessen79,olehucquet79@wikipedia.org,zB5.ke3@
fdickon7a,mruddick7a@un.org,qD8\u~`ri5E+yCp
mwillerson7b,sattwooll7b@gnu.org,dP8$fgR1`m
etompkins7c,lmoat7c@lulu.com,"dJ4""X(#n\Mh""L0tD"
fgripton7d,karendsen7d@seattletimes.com,qP2$hxX!*CeG
cleffek7e,cwillishire7e@ehow.com,mV1=&Qk0Mw}=+
jstancliffe7f,gsapsforde7f@rediff.com,jU1!a`>pTbod
hdovington7g,rbrockley7g@nytimes.com,yE7!lF5qv4kd
nspilstead7h,iswiffan7h@fc2.com,aR8|KR~.9_!fMwL?
aboyington7i,mlinner7i@topsy.com,iN3=MDv\5B@*_
pdalgety7j,abanaszczyk7j@tamu.edu,"zX1>""YYb6p"
evannacci7k,jpedycan7k@dot.gov,"nP8""E.<rN"
ghandes7l,ewhitear7l@yelp.com,nY4|0hhL(B
uarthy7m,mdenziloe7m@huffingtonpost.com,fL2#xc<72\}kExN
ostanbrooke7n,rdanzig7n@unc.edu,qT2_tEkj1}%1
adownes7o,csuero7o@histats.com,qC6)fISS5v}
jsimms7p,acrosfeld7p@mapy.cz,eG2|>|VT0Ka
smilsap7q,cbrudenell7q@rambler.ru,aQ7\i<+W
swessel7r,ahenriksson7r@boston.com,"xO4<J1.K$0,1}"
mwayland7s,drobinson7s@techcrunch.com,mI8=k{D`&j.om8c
lguslon7t,ogeane7t@upenn.edu,"uE8)C\W""kBJu~"
dstephenson7u,abarlow7u@discuz.net,gE9~!Ws~zLYKZ
tkirk7v,vgreenwood7v@wufoo.com,hX8$Ua9L6TVvRvO
morys7w,sleggen7w@live.com,aY5{5pQJ
kmonger7x,fknevett7x@purevolume.com,"nD3.W{LF@,2$%"
gabrahamsen7y,jschaben7y@flavors.me,lB9+1@w(6tX|vDmv
rtaynton7z,dhopkynson7z@tumblr.com,"aZ1,N$8M_S("
lyakovitch80,vyekel80@wired.com,zS4.c8X}zf
bmulvihill81,jarrigucci81@flavors.me,yP1_+Sx0
lcoger82,woglesbee82@yellowbook.com,tA2|BvR2
alindfors83,eedess83@prlog.org,xW5/uAP!<Fj>W&_R
korteaux84,pbeardow84@jiathis.com,eB6'Vi<gG47k
oseller85,dfoulks85@answers.com,"qN7,lt*D"
mlangworthy86,moverthrow86@ifeng.com,tA1}{lJgTsWT&
equsklay87,cmildmott87@nydailynews.com,yP5`9hWXPD
lsymington88,mcullinane88@sourceforge.net,"rY6)Exv""$+'N,cM"
kchern89,mbrandrick89@blogger.com,"aF8=t""Hr&"
skettleson8a,lsheards8a@edublogs.org,lO8{xya0k8_kA
blisle8b,rbaltrushaitis8b@feedburner.com,pF5@a&E5_3>zF.}
bcaddens8c,gbennedsen8c@github.com,jR8'CG}1oq<h
cgilstoun8d,bgoghin8d@icio.us,dC8\pWxuY#69F
dpulman8e,nheater8e@yelp.com,"iO6$B,heg9D""?D"
npaxforde8f,mlillistone8f@addtoany.com,"eX8""/CFM"
tgirodias8g,jrowden8g@friendfeed.com,wI9@qoBMOH
abritton8h,hlepine8h@so-net.ne.jp,gM5$\)K&*4\\
khyndley8i,klambirth8i@soup.io,uM5=&A!C=({<1l
kshimmans8j,ebrecknall8j@dailymotion.com,yB0~9jYD
vdanher8k,wwingrove8k@shareasale.com,iY8?ei0F2YT`nE
mcapel8l,rbreit8l@exblog.jp,xP4`wG7+EYl4
gkleinschmidt8m,tastley8m@webnode.com,"gS6=p9(QUKB7,"
aleupold8n,yguilaem8n@weibo.com,"wM5/JAP3!3$,sz"
cbeseke8o,thousley8o@live.com,gV3\(LOM*#
mrandall8p,cmacadie8p@arstechnica.com,qU4)!!sr
ateasey8q,glangan8q@auda.org.au,pU7+~aUFk+>tE+m
jliger8r,rgodon8r@aboutads.info,bL3|O$h$xgtXM=Jo
wconnick8s,pclimance8s@hexun.com,sD7%I#3qP5Go@
jbennedick8t,lharrald8t@angelfire.com,xP1#c_3!*
dvanetti8u,acaines8u@soundcloud.com,xS8|2TeZRC*
bsebire8v,mkolodziejski8v@hp.com,bC8}$pD|DF
kappleton8w,fadamiec8w@wunderground.com,oQ9%nph/BaM<(y
oomonahan8x,schaunce8x@icq.com,gD4!Y/xAEM
goakhill8y,owadwell8y@webnode.com,uR1(IRj{
kgreenalf8z,nfagan8z@washingtonpost.com,kA3}7BcI+n@
jalans90,ccossam90@wp.com,cS6`lnOZN$7y
tmahmood91,aemmens91@typepad.com,yR6&E#I0WU(>w
cspittles92,dgibbie92@columbia.edu,vH8~yz5isNF!
creschke93,bsalvatore93@constantcontact.com,mD9'468j
pbunnell94,mbambrugh94@devhub.com,"tC2?.M9G>au/B,"
gglenister95,aharvett95@ox.ac.uk,eD9~XcM<A!hBFf
rpenhaligon96,apolleye96@flavors.me,"rP2>""&E.XP"
ecoulthurst97,btulleth97@webnode.com,wE8.cZejTj\
bmacharg98,mdevey98@hexun.com,"hY5""Z*L&?p\"
aharniman99,sskade99@bloglines.com,qL1.&/E6P
lmutch9a,bsimeoli9a@tinyurl.com,pA8${dxm'.<=cElu
fellen9b,lpackham9b@cargocollective.com,kF6|Iu`iMJ6Ov1M
rcalton9c,hcopins9c@ocn.ne.jp,vT5+B/*(7b!!?
roels9d,kmorris9d@usa.gov,wM4?wr_.BN)j
pcamocke9e,dlonie9e@xinhuanet.com,aS9|<Qqn8v4
edorot9f,ojenoure9f@csmonitor.com,"nU3'c%""&&Ey@F"
pwoodard9g,eshekle9g@homestead.com,"vX1,HD`&SP,jR"
stirte9h,evelde9h@twitter.com,cQ5(agCgkIt
lbaldacco9i,dcavnor9i@google.de,"bE8?r~Tcgh4U,"
cferrarese9j,nbarreau9j@cocolog-nifty.com,gI6.IX*(u'=e
tvasilenko9k,alilloe9k@wix.com,"jB0""``{vl"
smccourt9l,adyne9l@umn.edu,cL4*/#t*Q.Kj
fgiveen9m,mtrorey9m@aboutads.info,"aB8,jYD3BJND{"
jranaghan9n,wcawood9n@vkontakte.ru,nS7#spTy(r
epenticoot9o,rcaplis9o@toplist.cz,bA9=$oCJd
ayosselevitch9p,obrandel9p@merriam-webster.com,nV9%qktA9~y~=
cbirdsall9q,caloway9q@pagesperso-orange.fr,nG9$'&@phNC
nadran9r,blarratt9r@bbc.co.uk,hN1<k$#\#N3Hak_
kguillford9s,shuriche9s@shareasale.com,mS5>'jgHcOx<_
myakunin9t,posheilds9t@a8.net,aF4*'QyVGPm
sleyre9u,cchoke9u@princeton.edu,yV8/IaVF
ksimounet9v,cdambrogio9v@lycos.com,iB9}hZRgw<_W
fgittens9w,cstooke9w@naver.com,qI4/'ucof'}O
jbinnion9x,lburbury9x@bigcartel.com,xB9/.M2Q<>}ML9E5
cuppett9y,rmcgiffie9y@jigsy.com,"wM3+G?m,~5.R,"
bchurching9z,rcheesman9z@alibaba.com,wN5*@=j/!XTM@
kknightleya0,agasparroa0@purevolume.com,oG8)alopvYD=X_
vfurmagiera1,ojeanneaua1@bbb.org,cV1&&&lQXl/
ubricka2,stabnera2@etsy.com,nM0>Z$tdwh9>1
pwadmorea3,sfausta3@washingtonpost.com,xO6)0olMNU(Wf
lstovina4,abernettia4@qq.com,"sB5""%n90Pa"
mlevertona5,vtunnaha5@cnn.com,"aB5/,xy5"
pgourleya6,wpettitta6@ebay.com,"dN2,>p{q>2As19am"
cbrownjohna7,hdenidgea7@jugem.jp,hV1.OYkA
kcullingwortha8,nsiaspinskia8@timesonline.co.uk,mU4??cHCDTN
btrumblea9,rgarnhama9@domainmarket.com,"hY0|#iDghxsO#""`!"
rgaskoinaa,fcosbyaa@themeforest.net,fR4_B+S%v+aOmU|=
gbartolozziab,yarbuckleab@goo.gl,"kG6""NV\FBo8"
mmynardac,rpithieac@artisteer.com,"hY8`!w""PTCkf"
bsparkesad,bcreenanad@sun.com,pG7$zDLB!TA?G
cworlidgeae,mhalseae@dmoz.org,pO8.Hu/\t#&c
tpostinsaf,lmullalyaf@tinypic.com,lC0<MuS}L)Lu
bmailesag,tstanyerag@fc2.com,nE3#+iWOTKeE?GD
mliversedgeah,mscryneah@liveinternet.ru,tU8+\hg6Dv1z<x
rmutimerai,iwebberai@prlog.org,wY2'N0=p
ebarthramaj,zjerromaj@free.fr,iG5~>bLT_&
sstuckowak,awigzellak@gov.uk,kS2*>ODk
nackersal,aplacidial@macromedia.com,bM5)N'jiQs
kcreeram,hwoodrougham@sciencedirect.com,"rZ8,jIph@X"
ghubanan,kfranssenan@webeden.co.uk,kG2+dFT\
mhaltonao,nflemmichao@merriam-webster.com,gR2\I(|YK
gdougaryap,ldeknevetap@psu.edu,lD5+N'UPMj%W
wchesselaq,dbockinaq@virginia.edu,cW8<x9)|Ims
adelucaar,kjaggar@wordpress.com,"oK4}rsF,~B2@W"
irahlofas,wcoulthardas@theatlantic.com,iF7(_=\Zc!
tloadmanat,ckettlestringat@uol.com.br,nZ0&{X$$7v*j!
mlinekerau,pairdsau@google.it,"bP3$Ltm%pWTT+""7H"
bbahlav,acharlinav@bizjournals.com,wV7?1%r|6
gbadbyaw,gtrahairaw@taobao.com,zZ8/z@)*4QO2%~I
nvancasselax,ncowperax@goo.ne.jp,qH8}KoBDYA
ewailesay,ebridieay@unesco.org,zZ1*.#z?Xf@Xay1
kschmuhlaz,rmcgraffinaz@blinklist.com,eG5'p\k9>#t!K
tdaniellob0,agrimoldbyb0@github.com,oP5`%Z&b
kkunradb1,ekearleb1@blogspot.com,mM8?Kj1E`7
hlemerleb2,klakendenb2@cpanel.net,rT4*$b$fO`%et0
ntabramb3,gsneesbieb3@netlog.com,mS3*!_8.
mdowdenb4,pcranstoneb4@drupal.org,oF4$9E?VQCotQPY\
vbardeyb5,ywithnallb5@bandcamp.com,"gN1@+Z0)q|}_lw,#"
jluciusb6,mblacksterb6@google.com.br,hU3$LB)csGZGC6A
saldcorneb7,jbaptieb7@mysql.com,mK0_P%Pp>5<5}
jhlavecekb8,mtaylotb8@google.es,qT0(&r1O|p3\Vg(
jnorcrossb9,pfakeleyb9@tinyurl.com,oN9#7RFFg
nhalfpennyba,mroumierba@shareasale.com,hM4}Nf$wu5'2Uy}
meddisforthbb,cdegiorgiobb@soup.io,zS6).v<0nV<fDoXK
gdigwoodbc,acalfebc@nbcnews.com,qH3%W@&VD}o$d@
fismeadbd,gratebd@nhs.uk,rE7@~bNb`R
rtyddbe,prowstonbe@weather.com,bP1@SrZ14D
crogansbf,alegionbf@netscape.com,tG2\fYQn{x/%.
dpuddenbg,bpadmorebg@fema.gov,"rT7!`5e|6aV""{D0"
amacgiffinbh,kpickerellbh@timesonline.co.uk,"xB6,zmps_>#gI%"
capedailebi,dsundinbi@cargocollective.com,kC9_ttDq
esavegebj,ecuncarrbj@desdev.cn,pU4<$yao}
gbodellbk,wkilmurraybk@washingtonpost.com,"pE7|hzF""gW~WW|WW"
wridholebl,zjantetbl@timesonline.co.uk,iX3}FUIu~
djolinbm,tparkinbm@ca.gov,lP1{`g*E
gsagerbn,hduckerbn@globo.com,nF0!|==$eFjX
dguidibo,bclutherambo@hp.com,yW3%nHrRoYY2V+
paimablebp,ebansteadbp@vimeo.com,xE1$3YG'b7<g7
jfullalovebq,ewellfarebq@usda.gov,yE9({I8lF0I
dheaysmanbr,acoskerrybr@cafepress.com,"yQ9'R,<aH"
dpurybs,cvassarbs@wisc.edu,cK2?&nZf_~N*7F1
arickardsbt,tlaidlawbt@netvibes.com,"zG0%F,V@)Or+Vj"
tbandtbu,aguagebu@baidu.com,"lU5'w_X""stg=!p'"
tmcgranebv,qweavillbv@answers.com,"bP6#0xQY,nbK0{#"
jdonetbw,svarndallbw@addtoany.com,nD8?F=uw(P0M
pgregerbx,dreveleybx@ox.ac.uk,"iJ0'""e=n~"
ehaspineallby,myukhniniby@ycombinator.com,yG5~?LIOZ?
tsislandbz,btierybz@squarespace.com,jE1#>fzxX9uu
mpinnellc0,ymclenahanc0@indiegogo.com,"vG2""<sFWm_KPxZ"
jfyrthc1,tsainzc1@ucsd.edu,bJ7$v3XucETia1Ia
mhecksc2,rtomaszewiczc2@mit.edu,jZ7()ED.xE#M
anuddsc3,pbridgwaterc3@google.com.hk,oD2<@kwrELzIh}
aocrevyc4,dfonesc4@digg.com,"eV7$""dzI?)=."
flampingc5,moldakerc5@typepad.com,tK0(V8<zX(EoY
gbaillesc6,hstarrc6@cam.ac.uk,lC2/NPYrP`r)mW
oseyersc7,ncoghlinc7@webs.com,"zD7"")({mEAXO{_Z"
pharsumc8,mwindousc8@narod.ru,eI2#t1X!pxfy
gtullethc9,jgeertjec9@wordpress.com,"vQ3<JUXCMHC"""
nlongegaca,hdimmerca@spiegel.de,rM3{LG&AJVRm
aquadricb,bpellettcb@odnoklassniki.ru,sG3$w+1l6V}6d2
mgodbycc,istanyercc@live.com,mS8>hie#d2C
rfriettcd,rcorneilcd@so-net.ne.jp,oY0$r@'K+)5A~q
jpeaurtce,kglowinskice@nymag.com,lZ0$yL`XI
lbalhamcf,ggregolincf@fotki.com,"sV1?,TR57_wG)"
acurwoodcg,miglesiascg@dell.com,qS5}`gUxU'L
wfullerch,jsnawdench@godaddy.com,zL5{.t~i\
ebuntainci,scolmerci@smh.com.au,bU9)wJbVX
cvillaltacj,aoriordancj@people.com.cn,bV2=LlL?r
meshmadeck,rloukesck@earthlink.net,jE8?D53e
ldoweycl,binsullcl@posterous.com,eL0`wY&j+{V8N/
etabramcm,hthornscm@chron.com,zR7/N}Cp82
aelphcn,cchifneycn@state.gov,wV4\upA|
lroonyco,rhearnco@accuweather.com,xQ3\%#x<T6(TQ
pbalentynecp,mpitcherscp@bloomberg.com,fL7|keO5L%
jfautleycq,nhoofecq@shutterfly.com,qG5%(m|3}nWt
ekobacr,cbagnellcr@opensource.org,kG6)dvgII?@SSsD
aheggescs,pstoadcs@usatoday.com,vK9~`KY.FZ
lsapenact,mkeefect@cnn.com,"tM3<vZ44k@,pxT"
nscholercu,dfollittcu@si.edu,vB3%6mLmL
dcondliffecv,oheughcv@pagesperso-orange.fr,"zL9""&HXBB"
cskusecw,tbillingcw@51.la,qP8~GyER'
ccolbournecx,krainsdencx@google.es,tG0%6\N{K&1}w|
btrehearnecy,sbussycy@dailymail.co.uk,qJ9|Aq|T$I2l=
civashnyovcz,ctheakstoncz@wikimedia.org,sK1{=upW/bK<
ygoriolid0,hducaend0@free.fr,uU3}L*E3myD?8vI
agoodbard1,mbrockelsbyd1@jimdo.com,hO5$ui)3<u+
tthrosselld2,sshipstond2@who.int,sC2{V#>wrY4J6mI
gmartinettod3,mriddlesd3@nyu.edu,kC7/_k71.q
rginleyd4,thayseyd4@bloomberg.com,cL2.#uy6tq?l*{pC
spestord5,ccaldeyrouxd5@webs.com,gH9\Qz%zeXO_@aQ
krobbend6,vkornasd6@techcrunch.com,"kP9*8""3Tk{"
kmattinglyd7,acamblind7@blog.com,oQ0.Zv=tZG~FF2&s
lgoriolid8,mflewettd8@hexun.com,fI8!Qr9Y!F
ftosneyd9,hmabeyd9@soundcloud.com,gI0.!!+aoS5ig
mravilusda,cfardoda@typepad.com,zM4%z\$0Fc/_'cp
mbutedb,nfibbitdb@businessinsider.com,"aW9*0Qk""#!v{)$2"
whaviledc,dhrinishindc@posterous.com,aT4$@cr8TZ
astowgilldd,dchellingworthdd@seattletimes.com,zI2{Sw7lyAe}2<
mtertrede,sferrynde@wiley.com,sX7<<1WO|KzQE+Kn
mceeleydf,amuggdf@de.vu,"aI2?R<ZN,JG"
bcastanonedg,lbrownliedg@nature.com,qY6$UbsT>#Sc0qK
zhuggandh,nrabbetdh@unicef.org,pO6/S?sl7!m<)o
ppepineauxdi,nkabischdi@craigslist.org,uC5#dZ65dK8
lmccannydj,meklessdj@youtu.be,xF3'3NBn{zcR?s
tjustundk,nmablesondk@gmpg.org,jR2/WMX=F(0V
mpetredl,hgeorgedl@adobe.com,rI5//k0}d
aashdowndm,bhaslindm@cornell.edu,eP6@MMAwB>#!
abrockmandn,kbagenaldn@un.org,"lN4>%IYN*CE.1M,"
tmacmorlanddo,ahaenseldo@amazonaws.com,eN7)(n*b4l259_t
mlegatdp,nbengedp@comsenz.com,uB1*+gHk)I>#zL+t
gpontefractdq,agillondq@cisco.com,vV0')@z(B<
kcoultondr,bdumbralldr@youtube.com,gT0%\.{*j#tm31
amccrostieds,econwellds@usa.gov,sJ6+q>g0+eoM
eschofielddt,mcordelldt@harvard.edu,"cP5\Litj,/y"
bburnsidesdu,acuddondu@elegantthemes.com,bL2`%bayvfj
mpygottdv,fgarawaydv@mtv.com,fD1*is_0y
eattodw,mtrembleydw@people.com.cn,dR3>wMn5&84
mgouldbourndx,jferronedx@fotki.com,fX4=Xh~{
sfalldy,leliezdy@phpbb.com,eC6~'*{\hoN?t<wy
apiscopiellodz,pgiacomassodz@ucla.edu,iL5{!.P)b$fA
wgoulstone0,daseye0@economist.com,"nK4)p,yxnsEn2Q,"
opietronie1,gbutterye1@aol.com,"gC6(Tl%MZ""y"
ascougale2,apigforde2@wordpress.com,aM3#Z~a+Hdru`lA
nwoodsone3,asharmane3@yellowpages.com,"kG8""nfRj97_Yy7"
afairburne4,ghardwicke4@bbb.org,fP1?sBs0U
bheadricke5,tmattkee5@twitter.com,eS8_nb=+FG.
pmangione6,gdonie6@mozilla.org,jH1%.iYF
sshotboulte7,emessengere7@constantcontact.com,nH7`U.ZKhH
epreslande8,mpendreye8@vistaprint.com,pJ4=5h3Z)
lblunee9,mfollinge9@nifty.com,kH6<jFBz=|J4
bdelafieldea,msarraea@imgur.com,"rE2#d""UXK"
bcassoneb,wdunderdaleeb@chicagotribune.com,cB6<\z`lJXH=U}$
mruddleec,crosboroughec@berkeley.edu,sA4~/Q)H\L7
emctrustrieed,zlavalleed@exblog.jp,lG5~dHRYW
kboribalee,eantoniee@godaddy.com,"wV8@.nruF""UVK"
jellingfordef,carnoldef@time.com,qJ6<DKJh
mcarberteg,abuntineg@artisteer.com,bH9\7M)~IEff'eeX
fquinaneeh,socklandeh@zdnet.com,tA9?5yJ{i`F.$
bsimmei,aziehmei@lycos.com,lB7%1g!mrj$dfz
fmcmenaminej,gswanwickej@amazon.co.jp,rL5&<7U{0L/?G\
vsiburnek,gbickerstethek@reference.com,jW5`y8.G|.TLT!2
fcrossgroveel,tsaywellel@china.com.cn,"vU1,DW5Be>!GHl"
cchalonerem,bwoolisem@cbsnews.com,aS5~8GYBmraw
bmaleken,achampkenen@redcross.org,wQ1'K/bi41lO(C
asongisteo,bfarnalleo@bigcartel.com,dA3'l`_is_q~?V
dbolliniep,spietersenep@furl.net,cV1}au4Ko<
omagowaneq,ljellymaneq@europa.eu,mV8|I=}unt
hcrewtherer,apearseer@imageshack.us,wY6@W_Y_
celietes,jdebneyes@amazonaws.com,jN9\S.0GV
stimsonet,obrauningeret@engadget.com,gJ4/*%|J2UZ?El
ibasseteu,tfibbeneu@woothemes.com,yP5/ZK>.U(_N<4b
pitzcovichchev,kfaloonev@forbes.com,aS4~g.S=KVF
zkertessew,ajosselsonew@dell.com,"lH1""6y0/""t_S`"
pgarriochex,jsymmersex@tuttocitta.it,aA8`Bgb/PB|_.(
ederrickey,cgegayey@noaa.gov,sB6~'bBwFod!(w
tbartholomewez,rgeorgelez@bloglovin.com,"oM3,8ge,c$7/""j?Q"
jgreenf0,nlaurenzf0@un.org,"dP8+1$,e"
bhiskeyf1,chullf1@unicef.org,vY9)S3tnWKn0$uG=
sfernf2,jcraisterf2@tripod.com,vR4`1OdI
mmowburyf3,rbernatf3@newsvine.com,aC9!AJfTYPzBF
lbaudinf4,efirebracef4@ycombinator.com,jB0{bRGnJ
ltreleavenf5,ttooheyf5@rediff.com,qX5!&TTz
clanhamf6,tmatthiaef6@delicious.com,fB2=8IvZ$.6Ql
rglandfieldf7,ekentwellf7@live.com,sB9`rEU0
sbuerf8,uawcockf8@fc2.com,yQ1#IaWz
rfetherstonhaughf9,bwandrachf9@businessweek.com,vY0~d8j.(iF)w@
rheelisfa,jpietranekfa@huffingtonpost.com,iA1)%b@|Ydn<o
colexafb,ebarthodfb@indiegogo.com,tL9.10j/0x=N
ekierfc,bvaughnfc@hp.com,kA2@%$ek{fb
hericssonfd,awoodesfd@skyrock.com,"zG0,ef46Z=4m"
hreilingenfe,bhightownfe@blogspot.com,tL3.|llr
asainzff,ateodorskiff@yandex.ru,kV0=vA9M
ahynamfg,cmahoneyfg@elegantthemes.com,mD0|%@I>$VAx7b.
adelascyfh,mhargreavesfh@mayoclinic.com,rI5$W/NWAli`F
kkernefi,ckitcatfi@instagram.com,nF9?ICc`|U
nlearoydefj,alightollerfj@nsw.gov.au,iH4*\z=m
kharkerfk,hfarnhamfk@shareasale.com,kU7?w6B=ENHPAwA
dplayhillfl,khaggartyfl@independent.co.uk,pK3!a5$7?@
ldumingofm,chuiefm@imdb.com,nX3%VU'7K{@Lx
loakenfullfn,sbrentnallfn@canalblog.com,"qK0\,A4.udgc"
ebencefo,cbatterbeefo@yahoo.co.jp,fM8>dv%wF9
hspieckfp,mhellcatfp@plala.or.jp,oR9*uAmxt'wBeR
agreirfq,emertonfq@bbb.org,pH4$cgQA}Y
adysartfr,mprobetsfr@addtoany.com,zB5)sBRW`%6V
pfilyukovfs,tmundenfs@tinypic.com,kB2>Ekk+2f698dlN
srobartsft,kbrynsft@wordpress.com,"kL0?}}=O""uHW3KEM"
tclowtonfu,cmoehlerfu@ycombinator.com,bC5\m4Q4zW{
ljilesfv,rcolleltonfv@narod.ru,yY2>>MYvwSq
dgingerfw,cweddeburnscrimgeourfw@bloglines.com,rR4!0YLI9~4
arydeardfx,rthumannfx@linkedin.com,oE0{@p?VSb
jberthomierfy,wlettingtonfy@naver.com,oX1`/Y|mIz
wyeskinfz,tgoodhewfz@chron.com,xV3%JttdVnHCC/
rfairpog0,teschalotteg0@dailymail.co.uk,"fY2*i""BMj"
vmacnishg1,fpeasgoodg1@java.com,zV0@OceL
tawtong2,jbridsong2@liveinternet.ru,"zO5$*CK<Cr,e"
aconnochieg3,ckesong3@desdev.cn,dA5}7U9#=RlTIQt
amccluskeyg4,jplaschkeg4@reference.com,mZ1(S%a$ae>b)uY
rsparshettg5,djacksong5@tripadvisor.com,"fV7<Lb5<""'$K*."
vsabatheg6,nwibrowg6@360.cn,eN7'*V$'/_>/I
gbassilashvilig7,eharrisg7@godaddy.com,yV6<b1y9|%!_g
kvasserg8,osirrellg8@archive.org,cL8$LRg(k
kberrygung9,agrindellg9@washington.edu,"vW9_Xcjtq"""
emeritga,eterronga@soup.io,sQ1&A>i.Zo*4OY*
bcaldicottgb,dlippittgb@shinystat.com,tO1>MTDM}v($f
akroutgc,jmcilveengc@themeforest.net,iP6#n`.8W{Q1
acharlogd,lfullgd@networksolutions.com,kO1#\cA}`
agoodisonge,isummersge@a8.net,"hG4>>z'GnwS'z""$"
amilletongf,plawleygf@infoseek.co.jp,tV0@UWKoiF?
lhoultgg,rbelfieldgg@github.com,"gK8,SVqifm"
cfirebracegh,rgimertgh@abc.net.au,iQ1'q.Qfi7?5u}~
dkarolowskigi,mreadegi@ezinearticles.com,xX1*2eM<ys{
abakeygj,mduckergj@about.me,qP8/%1K}}4*ez
mcrosswaitegk,mmoscropgk@barnesandnoble.com,cX6|GnO@K
ktirongl,pbelchampgl@cyberchimps.com,hC6_%s`w|v
pstannahgm,lniesegm@flavors.me,cE7||mcJg+
fwikeygn,aciceronegn@miitbeian.gov.cn,"aT3*""|C2=\$'Y"
cdickensgo,lborelandgo@guardian.co.uk,"xC2<,N?|"
mprotherogp,mperrotgp@ft.com,"uA6+,|@E2}}10r"
ademetergq,owetherbygq@hp.com,pM1/NU$BrLaU!d
dbornegr,kmoreinggr@craigslist.org,iD8'cocu!7xM+A
ncoffeegs,bcornbillgs@patch.com,"hV6,?G_*2OO'{ap~"
bswarbrigggt,ebennettsgt@npr.org,cM4/S~p7OJo
rkorneevgu,rdmitrichenkogu@xing.com,"vG2$z,W,QRVtE1>"
hprantlgv,hcasserlygv@economist.com,mT4%m(lu7a#ES
cjarroldgw,jrothamgw@wix.com,yZ3&VoJ/`7/hoO
bcolvillegx,jbofieldgx@feedburner.com,"fG8""\YDJN"
mdutnellgy,psnaddengy@imgur.com,eG1.=dV~Ux)gT0c%
tmckevingz,drignallgz@ibm.com,vO5\F4G(
jberzinsh0,ggorrissenh0@instagram.com,mJ8|$L(oX
bbernardinellih1,lboichh1@yahoo.com,"uD6.ZJW,1"
llidyardh2,clordh2@over-blog.com,oE1@A>)GD4R
pstratleyh3,dyeolandh3@printfriendly.com,wL5)B9TaiH=QO8P%
dskeermerh4,zpotteridgeh4@weather.com,jY4@CiER
kdannehlh5,bthurlbeckh5@seesaa.net,iM6<*&hTzj<
awrathallh6,rcesarich6@usgs.gov,nX5/'cT=
lhuetth7,kwashtellh7@shop-pro.jp,jS3{/Uif_1oUN
stoph8,aleppoh8@dagondesign.com,nF1#!d=phVmXxa
zwardesworthh9,ebriscoh9@dot.gov,"yH0@{efb`nz,}5s"
gcurtissha,rknewstubha@goo.ne.jp,"mK3,?gS&Nd?ds2"
kashbrookhb,slambdenhb@printfriendly.com,eP7.xCZ.G0\b
gmogenothc,cpollastronehc@java.com,gC7.PL8HupLEJ
troddellhd,nmagorhd@google.de,dX2*B\MvER
nparleyhe,twarkehe@taobao.com,lW9!Z)Z}lEtw%v
mstermanhf,vfockehf@themeforest.net,dY1)Z&H8sVSXu
odurnhg,rshayhg@msu.edu,iJ3+\0'+C#}
liletthh,sspurdlehh@indiegogo.com,vD9`n0u'|kq(<Y
cbaumerthi,iabbadohi@example.com,vB4=v_\0adL+sA
gregihj,jmckeaghj@utexas.edu,eI0'ncGu#N>bV
kbagworthhk,bcranstonhk@indiegogo.com,"kZ2+efpf!,""MFbB"
vripsherhl,acellihl@upenn.edu,bO1)}LFR5
sgowershm,svinehm@economist.com,cG3=1+P*(f)
fbuckleshn,lchapleohn@linkedin.com,"uT1,xClFp"
spadefieldho,cgritsunovho@ftc.gov,"zY5+n""W+Br"
lbreewoodhp,sdikelshp@reverbnation.com,dF1=}Wf?C1XyA
wdelaperrellehq,econcklinhq@yolasite.com,hJ4_`\#<2Okf4
aovershotthr,aollandhr@java.com,"aJ9_)\>""""r=&T7S1"
ogookeyhs,biredellhs@ameblo.jp,gH8`%VJo`V5lq
dbillsberryht,rpagittht@goo.gl,uK7)H?bJ_X
slideardhu,jwinridgehu@paypal.com,yN9\=fKg}Z&
kgrewehv,cbreehv@census.gov,aH7%S\Uml
smillarhw,lponsfordhw@etsy.com,nW7)9Q)|39V&
chatthx,iscramagehx@reuters.com,pG0}PY9a4pKCFm
ucasarinohy,bscanterburyhy@blogs.com,jT1>%}psE`Rt
plawlyhz,semmitthz@amazon.com,lG1=uQMcbzxL4h
candragi0,icoskeri0@ask.com,zB6'q/%)G?&4G\jK
ihellsdoni1,mbrocketti1@list-manage.com,"uG4$~*x{F""$"
godennehyi2,tpointeri2@intel.com,qO6\vUU4GK/
dbleslii3,ntreswelli3@cbc.ca,aQ1<EoDx
kbispoi4,emastersoni4@pen.io,yO4&fcLXXVL%I_)
rgammeti5,llanghorni5@state.tx.us,oW0%dA.9.8oLj*
dwandlessi6,stubridyi6@sciencedaily.com,xM9\))w@Q
kvalentinei7,hkenningleyi7@sfgate.com,"qB4)T""lwJ@}Y`y_"
hyesi8,cnasii8@gov.uk,tE9!`ywWx
lmapledorumi9,jlydiatei9@soundcloud.com,"yC9,omydA!+OlNc"
lhastelowia,vvenartia@behance.net,eY9{M9Yg
bskipseyib,nelgyib@salon.com,yI7=h}@?YCrNlr
mhultbergic,gcastanic@canalblog.com,uU0=NW!0n
lsimantsid,etorbettid@fc2.com,nM5'44_3
tscopesie,vcortonie@cpanel.net,zZ1}=21/1j
gcreserif,mmuttittif@reddit.com,eZ2=mZ$|e>ds$P*q
dpiggottig,fnuttig@hud.gov,eQ6>CW}npb_t.N
ggassonih,csaveallih@123-reg.co.uk,zT8>b/@BDW.8
bboldenii,pmurrigansii@list-manage.com,cX4*\*p?4
etraversij,lbranstonij@icio.us,vS1>#_!F77w
ajacobowitzik,dbanfieldik@yandex.ru,wG2_uVlZ
gclemensil,ewhitworthil@adobe.com,fA2=W%N{#iO_
moloneim,yryrieim@miitbeian.gov.cn,"qO1_|g4x,T4JL"
klordonin,aocooneyin@gnu.org,hQ3+B7X0Vm/6<wH
cjeannequinio,tespinio@hexun.com,"aX2>9Cgg(l""~p"
jbolensip,rgarahanip@ovh.net,aT0+k)G!E=
svasilischeviq,fblacklaweiq@sciencedirect.com,"xQ0>X?'6E3""9S"
tburnhillir,keveringhamir@pen.io,vL3=D&gVW%ObpC
omayois,amcelvineis@bizjournals.com,wP7=k'0#RqM)6
kdunkerkit,btregeait@godaddy.com,iK1'@Us_b7=
cstuchberyiu,fnoelliu@nbcnews.com,kR7`k=e+A/F_
lphilippsiv,mcuxoniv@nasa.gov,"fK3@,>DvVkDK*"
htowheyiw,gkennerknechtiw@chron.com,kM9<zIPldh
smcdonaldix,schernix@wiley.com,xI9|4ucnCi_!
mdeeringiy,jlovickiy@sogou.com,wO2@+~DH+aK@GdJz
jhoolaghaniz,rlyffeiz@tmall.com,jZ0?{98>@4|%%N9O
spieterickj0,rastlesj0@theglobeandmail.com,yR6~!0JN2
mjurkowskij1,lzimmerj1@cdbaby.com,qQ1`Y2cB
mdawsj2,lgoodlattj2@rediff.com,"rD8,>ciHg.x/"
bjonahj3,lfontenotj3@netlog.com,bH6&)'Bc0(9
kboddiej4,schaimsonj4@princeton.edu,"hW5""{)LSC"
jmcmenaminj5,pmynettj5@pbs.org,dB2@iO(Z?k{Yz
amacneelyj6,mwhytej6@freewebs.com,tG3)x1!V_5G<
asolesburyj7,slicciardielloj7@mlb.com,tR4%|%y+wh
nelgarj8,wbessej8@eventbrite.com,"bP0!IlV7d""(=yqp"
gsievewrightj9,plancleyj9@mysql.com,zT0}1f(TB
dvannsja,zethelstoneja@ted.com,pQ5$SX~oK}
ewaylandjb,pmaynejb@businesswire.com,vQ4'8yuCn6gU?n
fdiaperjc,ggethenjc@networkadvertising.org,hZ1)X&8Fn}xS
ljowettjd,relvishjd@linkedin.com,hK7#LjHX
echristinje,mmarrableje@theatlantic.com,"zA2/,Q2p?>W(WH>x"
rpinderjf,djeffersjf@google.com.au,"xZ6!aJPhDGCH{U2"""
bnizetjg,tmackintoshjg@nymag.com,dJ3&L6{m+IdM?`?
mmaldinjh,spattrickjh@statcounter.com,mG8{CVk*&Y1Y2u?
pdankovji,cbisikerji@alexa.com,zN2('89!<#B*o
mwedonjj,smundayjj@cam.ac.uk,dH4_l|7.3jcyh`
bdurbanjk,lbedlingtonjk@un.org,"iM2{i,ZSz*w"
kburburyjl,nmicklewiczjl@amazon.co.uk,nY3&</~*'R`.%!
healamjm,lmccaughenjm@phoca.cz,"oQ0*>C>c+pz3""Yl7"
odurrantjn,wmyrickjn@altervista.org,hZ8$27jUIvXR99
mdudeneyjo,tmeadowcroftjo@clickbank.net,vQ3>hFP*R).
fskasejp,rivantyevjp@yahoo.com,iA6/z6f!Y)Ew$|na
pandriollijq,sstanyerjq@globo.com,wN8>EOHWTs{%5uB`
aquantrilljr,yhatryjr@rediff.com,jD5>#$Dda
cfarresjs,lcarlessjs@aol.com,oJ3)?QGw
vbillingslyjt,bhousegojt@columbia.edu,wC5=/y\Q
mvaldeju,bstreatfieldju@cnn.com,lS3`k>jUX
plaitjv,gstandonjv@live.com,wR3##0{#TjZNz?
pshutlerjw,djiggenjw@jiathis.com,eO9<N`R2DX+A\FT
vfrobisherjx,ecrootejx@sourceforge.net,qI9*%0mWuw7
gmeatyardjy,jinkpenjy@smugmug.com,tE5'Hi=T0$C/
lbauntonjz,sharrapjz@ucoz.com,gW2=W/T8&52(@fyI
pcreelmank0,ecostanzak0@reverbnation.com,"rF3!&UT""Zl~Om"
bcogleyk1,avasek1@hubpages.com,xK2.59x8Sb<0s#w
acanferk2,adunlapk2@nhs.uk,"nS6,4x@TW5"
cromerak3,rdurlingk3@slate.com,wN4!zat6/qbo(
atampink4,cdesortsk4@stanford.edu,oJ0/z2<!9DmR
kgarmonsk5,pmesnardk5@nhs.uk,"mK7~`7aHg""0PV)}"
nblackiek6,gabyssk6@posterous.com,eX2%>Hi\eWh?2'4h
cpinckardk7,vbilbrookek7@chron.com,qM1(De~=cgKW(U%)
caltreek8,stinghillk8@omniture.com,"hD8|h,L/~uhw+_"
ckemballk9,hmcclintonk9@toplist.cz,"nF0#H?)b0""{V/X!%"
mgaulka,odurnka@buzzfeed.com,yW7?b/W|Z)
sdowneskb,rwannankb@latimes.com,zI1'pB~wgX$Oe`
abrastedkc,smcateerkc@edublogs.org,cQ6!}&D2zF\
jseymourkd,tmarlinkd@unesco.org,iH1!>=Xhxm=9R=xu
jmaddrellke,cflockhartke@wikimedia.org,cI4(ik_7zd|Ys
acrinagekf,ghacunkf@theglobeandmail.com,iK4`tpI6+K3T*rz*
lrenzokg,fsingerskg@github.com,gI1*\}ru8L$
bclemoeskh,pmarshallsaykh@sbwire.com,xG9(OHlKc0T
bcabbleki,bnertneyki@bloglovin.com,aC0@*`I9)9zRfi
mmcmonieskj,kwadlykj@salon.com,jA4=$$U8kCRwl}
amohunkk,arowbottomkk@1688.com,"lB8)*WZ""Y5tgr3#$"
ddukesburykl,cbegbiekl@360.cn,uS7\P&1ma1chdDn
bwilcoxkm,amierekm@reference.com,rJ9=F\)BP&sh
bworgekn,dmorvillekn@patch.com,xY0=8O~?f4$s
cganleyko,kallbutko@lulu.com,hS4}SA}1Ra
moakeykp,vhuntrisskp@github.io,mF0>9r#8K$8{|
fabramikq,ndarlingkq@g.co,"pM9,Vdsp/',""Q`7m"
omatzelkr,gmulvaghkr@icio.us,sT5{Q}?s9M8o
troebuckks,sbacheks@reddit.com,"nS3\""<,Cso"
afruinkt,bmaylorkt@hostgator.com,rF5%x4fV)C(kW&xi
mchettleku,teustaceku@photobucket.com,hJ2'h>U%
rbothamkv,gandrieskv@mtv.com,oP5_@i*fWr
wjennokw,wbuyerskw@netlog.com,hB0%/!.<dv
pmclucaskx,bfotheringhamkx@bluehost.com,jK2?H+J+lI`#t
sleedsky,lwaldieky@bing.com,eF6>zQ65
kvaleskz,rrennenbachkz@wix.com,kG3!5NFUybl>L
tguinanl0,amarchingtonl0@java.com,mR9+!?xp$*'9B!\5
llecountl1,pmegarryl1@marketwatch.com,oT6`14BO\x}\
vskellornel2,rsladl2@ft.com,"bM8!/,&J`Xq(hx"
lelizabethl3,hswaffordl3@pagesperso-orange.fr,qX2'L'e&
shartlessl4,wwishaml4@columbia.edu,"nT2.*mt""t""("
hhuchotl5,jsarfatil5@infoseek.co.jp,jU4`9=3sxjj
hgiovannonil6,tconnorl6@hugedomains.com,gP6+*iZP4C#2
jjentetl7,jtulll7@istockphoto.com,"zD4@5,+cs8"
jgibkel8,edescoffierl8@time.com,zG3/zv4Z
lhollyardl9,mkropachl9@cloudflare.com,mR8@px%?
avarrenla,hstygallla@washington.edu,kJ2}$2KU\\L2
sradbondlb,ldeakinlb@independent.co.uk,uX8(7fKN*F'Sm5\
cshilstonlc,atrettlc@nydailynews.com,vF2>kBA(
ccodnerld,kmeiklamld@wix.com,"kV1,8=O8/Y.#CW>"
trableyle,dmetterickle@berkeley.edu,"bM9,FWQQnouR"
mkearlelf,vkeunelf@howstuffworks.com,"bP3=OcC(MS,K#CO"
amartusewiczlg,ntarquinilg@telegraph.co.uk,cP4)R&3b3*=wLuH
ttendahllh,gtriplowlh@google.nl,hH3>c+|f@V9\nh
abernuccili,kstanettli@psu.edu,"wK6|of|~0q},f@"
oadrienlj,agallenlj@time.com,qO5_0EZ`B7)_e
jwauchopelk,malbanylk@umn.edu,"iI3""9Wi&EvNbA~"
mertll,drummerll@sina.com.cn,uP9\<lJqdPA
cstroudlm,bbucklelm@aboutads.info,eM5{iksq9L
cbloxsomln,ealfordeln@fda.gov,wT6!T?&H
mbahllo,mfoldeslo@flavors.me,"lK6\O+""dXtpB<"
fsimoncellolp,bmcfaddenlp@spotify.com,vN5_6{oxUB
slambournlq,jganterlq@yahoo.com,uW6~Kmc+
mbaldenlr,lventumlr@guardian.co.uk,aU7<KT59nU!`o>)
dranniels,klaurancels@bloomberg.com,pB6\N'(wMLN*Ryh=
ptothlt,calsfordlt@go.com,mI5_PfOe@wa/g
palfusolu,agrishuninlu@globo.com,vH6!<>63&UaoFnT?
elehuquetlv,kguidettilv@paypal.com,"zV0+{nq`rGU""uJ)"
hbevarlw,akarshlw@techcrunch.com,bD6}LX>KV$N9bq
echestneylx,kcamillettilx@census.gov,nZ9(V9R$(8`/rv2T
ialphonsoly,ebourdelly@theatlantic.com,nN7|xq_yd(ue
cnarramorelz,ddanskinelz@shinystat.com,lW7<V.I}ts8Xk
psinclairem0,nberntssonm0@va.gov,iF3%&1EAE'H{
eechaliem1,gtumbridgem1@gov.uk,zJ3\Af|@d
loldridgem2,crowdellm2@accuweather.com,oL1*TT(*Z&AuH1
rcockillm3,fglidem3@admin.ch,eM3~g>1(?
khantuschm4,ricomm4@china.com.cn,zS8&6aDtx
hdossitm5,jpycockm5@blogtalkradio.com,pM7*x*%IT(!Z&8|d
hchaddm6,mgombym6@dailymotion.com,aI3/1J@.gm.2U0
rsowleym7,wgurdenm7@cbc.ca,sV6~BEYq7d.)zL
glarnerm8,lrushmarem8@goo.ne.jp,"eG9""p7fr|k'z"
mboyerm9,wbromilowm9@hp.com,cX8~W5&=
perdelyma,tpowema@eepurl.com,zQ2<ZH%|6jUf{m
ksoanemb,samossmb@omniture.com,bR7~Qz1=IYte
esmeetonmc,bcattinimc@ocn.ne.jp,aZ7+#yI%8fgv9*
ghatchellmd,tnorwoodmd@ca.gov,"gC9._""b<|Pq"
cfrereme,btallantme@wsj.com,bT0~myt+
ksainesmf,ameekingmf@shutterfly.com,qH0+}$gIXZP_NzKK
atankusmg,cstuchberrymg@t.co,zB6#G'gQ
rgentzschmh,lmcpaikemh@yelp.com,aW2).<Dh*E2
shuttleymi,lgarettmi@linkedin.com,rN9$nz(5q<+6
inorwichmj,mdeeksmj@purevolume.com,"zR9""vZw5F3o#"
jantonikovmk,gglidemk@ow.ly,rJ1~@zmA
ntreverml,acollingml@fema.gov,oD9/TrgPU
loshieldsmm,bmacquiremm@addtoany.com,"sD5}""hlZ6>"
khathwaymn,lpinkardmn@techcrunch.com,uL8|WEnzsU+o/2pl
smarienmo,syakovichmo@delicious.com,xS8<t0R6$m
dhowerdmp,sclitsomemp@virginia.edu,hA2@?NpeW{x
jdebenedictismq,alepardmq@geocities.com,"rJ3=>Q0alY@~IW,"
isutterfieldmr,alodomr@wufoo.com,fB6\nF8e1v)e8
hguerolams,comarams@rakuten.co.jp,yV2}umBx
hgwionethmt,klinnemannmt@dagondesign.com,cD8`P`|w)
kharnettymu,mberimu@51.la,qB6!<OOoW_a
maventmv,gkassidymv@icio.us,"mM8=#}5Gn5,"
mcoldicottmw,pchestnuttmw@gnu.org,mX8)gm1C+w!t
oshollmx,aweedsmx@shareasale.com,rN4!%wy3>7Xc5
gstobbesmy,mgraveneymy@google.co.uk,"qW6}rt\>,#j.0J"
acholwellmz,deffemymz@europa.eu,lI1|Te1ETer
bnawtonn0,msandwickn0@topsy.com,"xH5@<|G<4""77"
bbramsomn1,rrodnightn1@quantcast.com,jX6)03)mWTc0({(
worsmann2,jbrotherwoodn2@pen.io,rV0\ZR'7D@#})a@
onoblesn3,llannonn3@homestead.com,"jE1""eho,`<%"
rclawn4,lgressern4@hao123.com,qX9.qAvdS<9sc
ntwidalen5,mladymann5@elegantthemes.com,sF0~HSk)/1fw
bluciusn6,ahastonn6@dailymail.co.uk,uV4`y(E5H@>wyh9
dmacgillen7,ltyhurstn7@gmpg.org,yV8?EQ}V8(Vy
bcapronn8,cinglesfieldn8@ow.ly,hA0.#_WrIPcQ
lblavern9,ntowndrown9@g.co,gK5%ja_K
mmerrigansna,lmussingtonna@uiuc.edu,eY8{X)Xh7HcEH
mleppardnb,bchurmsnb@chron.com,"nY4<Ge@j,yU"
ihandlingnc,baldinnc@about.me,qN4%fUsG.62V~_
slossmannd,rshoremannd@nytimes.com,iS9=65fAE~/
odesboroughne,zshackladyne@homestead.com,hN0)'sR_c>Ww
pwarrinernf,closelnf@census.gov,"xZ9,5A?ZQH`F"
dlerohanng,cduchesneng@utexas.edu,"xW4(?,OrN**EC"
strippacknh,sornelesnh@github.com,oA4{B!o4=~eA6nJI
gzorzenonini,crowlinni@blog.com,aA9)_bfXnqcq
cbillowsnj,ddecruznj@deviantart.com,"wB4=y06W8{l2YAJ"""
bbuienk,swallbanksnk@craigslist.org,sA0)rw#$xj
lshrimplingnl,ecantonnl@google.com,sG6+qXs=qzp~
awitteringnm,sduferienm@stanford.edu,pV6'rby&
gjacklinnn,clynettnn@kickstarter.com,gM6/sB>E?ujnKrK
achurcherno,ltellenbrokerno@cnn.com,zU3='r!'i{4nLY
bfrissellnp,thallasnp@virginia.edu,pV8~gO'?<+aj(6
lruskenq,fandovernq@walmart.com,qZ1'oj0eu
ffierronr,nharlowenr@archive.org,dP2_EOqoT9jq
ejanuszkiewiczns,schastandns@wufoo.com,"gX9,_.N,CFQv2"
aweeklandnt,nniesegennt@uol.com.br,mW4})Azl(z
tmaggiorinu,nthirlawaynu@wikipedia.org,cE5>t\agU%&>s
gmeadmorenv,tosbistonnv@nydailynews.com,tD8}X?`S40{V
ftwinberrownw,esustinnw@purevolume.com,vC6_DfUE2p{*=Q
btejeronx,aorreynx@elpais.com,nO0=KUc%
kbutsonny,ddemkeny@moonfruit.com,rH9\(>}PjxQS
csteersnz,mharpnz@liveinternet.ru,bA7'C.|wuS
tedisono0,hchaineyo0@mozilla.org,yC8$?x3X!//jSVU
ppaulssono1,locannano1@imdb.com,"pS5,n{4k(%"
jcoano2,mstarrso2@mac.com,aZ4/HmxsK'!h1Fsz
jemeneyo3,mlindeno3@bloomberg.com,"fT2""?D,Bf"
hconerdingo4,dwandreyo4@umn.edu,vS7}Pr/+g6{lLU2
jcostallo5,hfuggleso5@github.io,mF3)HpSiRLM+{DB+
csharpleso6,pgekeo6@typepad.com,lG9<Yx7OJjDnCg8
dryalo7,lconnorso7@themeforest.net,rQ6>P>gb@uyv%
etolano8,vlavallieo8@google.cn,"dZ8""kkfPv8"
cmcgeniso9,erubelo9@hp.com,oW2+U/<4c
smcalindenoa,kfreebornoa@odnoklassniki.ru,pI0\7XPGRd
clehrmannob,mbleesob@printfriendly.com,pC7)W.$K?R'
cpabeloc,rspreyoc@telegraph.co.uk,"eM8@&w}i,kdyb|r&"
gtebbetod,hbartrapod@last.fm,eB2{4eY5DCiP
lpadelloe,tsaggsoe@issuu.com,lI0=xv`$O07uH
vtowersof,mpetrikof@sourceforge.net,"fA6(,Qh\=m"
glaslettog,acrambog@businessinsider.com,"pK5,SGt~H=j?)i*"
jantonowiczoh,bsalamanoh@wsj.com,"fC6}PgGK,g!8@6v"
itrelevenoi,lmongenotoi@yandex.ru,qI8)8i#L6b?C
ahecksoj,bwhittyoj@pcworld.com,aT3`$SgM%C2/UF8
dmorrattok,aravenshearok@bizjournals.com,oM3|0nayq{
dskirrowol,hfaseyol@usnews.com,"tS2,ZRN9"
rcollimoreom,creamanom@nifty.com,"oW6*1)>|,\Na8,"
cmolletton,gbummfreyon@nymag.com,"sK2""?gAv|Nvq7*{"
rtoxelloo,jmoubrayoo@wunderground.com,vH1{$.5#O7.8p
pchettleop,rcancellieriop@live.com,pG8})/haa
meouzanoq,kwatchornoq@boston.com,xY5$BpxlqzF
tgniewoszor,evanezisor@feedburner.com,iS1)?`77UH
ltroreyos,afoxonos@icio.us,"uD7+{A&U}"""
abarttrumot,zchaperlingot@blogtalkradio.com,dY4?qO*QE
olewteyou,chackingeou@adobe.com,jQ0+I(6oJE4ipnHQ
rmillinsov,jthiemov@lulu.com,uN5~qYra`
wyakovitchow,atallachow@macromedia.com,bH3$aOkPk
tmcdermotox,rgrayshonox@oakley.com,uC5_GU}6BE
lantoszewskioy,mmartlewoy@instagram.com,oK0'P2|$!JFLLTI
vmckeeoz,ljestoz@webmd.com,"eZ9%EQ.r+5NB,H"
mbarfieldp0,sjearyp0@storify.com,"aY3)zBK_>6J""wN"
pwharbyp1,sjowittp1@blogs.com,oL9`x2L+1v+#Z
pwalteringp2,acrofthwaitep2@facebook.com,hN9\HFb.A
mdurkinp3,hdilowayp3@ihg.com,"cP9""GYpjS"
nhilliamp4,nbrusbyp4@cnet.com,pW1.uvSc2g
tnorthridgep5,doslerp5@rambler.ru,yK7(R|.~*SQ<P
sedgecombep6,mcattermoulp6@vimeo.com,oP5|QwTDz5\
bbleakmanp7,mwringep7@acquirethisname.com,bM5.tWu*#
hcowitzp8,mpenderedp8@cdbaby.com,cK7?iCy@/hFjN
mdomangep9,cjosselp9@dedecms.com,cC1?e%R3em=Bk@@
mfelsteadpa,cdicksonpa@abc.net.au,lA5%fsY61ppU
danglinpb,oheadingspb@ibm.com,xN6=SxC#|f
fcaultonpc,rswalwelpc@earthlink.net,"zD2~cm%\,<p6sW"
pwebburnpd,gdoepd@wix.com,lX5{6mgrd
jstanifordpe,caleixope@sciencedirect.com,"yA3,{TTu1X._GA"
arycepf,cleavoldpf@seattletimes.com,uY4*oL.5v
aolverpg,ldavidsenpg@gizmodo.com,dS6$uc`4okB
dblamireph,dpighillsph@bloglines.com,dD0{BYrOLz3cR+k
adulintypi,bjedrzejkiewiczpi@etsy.com,"yH3,5{xO%)ArM`5c"
jdougherpj,vtrimmellpj@mapy.cz,lM6/jE#PFZL
mhantuschpk,pbuffpk@techcrunch.com,xK7%mAlQd0S&
ntrittonpl,drichingspl@oracle.com,uE0\R$'c`#)(
gsidlowpm,fhawkingpm@omniture.com,pC3\$Ua~KR&j\pp
lnorthcottpn,nbirdallpn@usda.gov,qN4!<uJ{DUI
mlangforthpo,ndignanpo@webnode.com,oE0)HH?E567@
tzamorapp,galenichevpp@youku.com,"qC0{,h)u'4"
lwenmanpq,mphelippq@opensource.org,"rG6}RO!&""8,Kc"
aschonfeldpr,cennewpr@biglobe.ne.jp,aJ7~7<|Hx+>q
bslaightps,nbillowsps@godaddy.com,"hJ1&v|sR""iXI%""\"
lcongdonpt,wkenchpt@imgur.com,sR0|*W~a@$
dsurrpu,jholsteinpu@google.it,eW4'F$<em
pnozzoliipv,vabbatepv@census.gov,hH6!X=XAw<&
cskeletonpw,kderwinpw@dion.ne.jp,lU3#elZ(
cdutchpx,ncumberspx@eventbrite.com,"nS0,Vn8hIOyCM<`e"
gromainpy,dbousteadpy@yellowbook.com,hA2.5hcbG?~
dworsallspz,bdunsfordpz@booking.com,eC9=&(RSr6qPo.<
gkinetonq0,mseekingsq0@mac.com,aE7?&EB&Yg{sc&2
dtiftq1,lyatmanq1@1688.com,sL4|jo4#eZ.FJ
ctwedeq2,goleksiakq2@uiuc.edu,eN7|sk&+)\M3e
eseneschalq3,mluckingsq3@epa.gov,fV8(grt~I2
sbramhallq4,fcannerq4@hugedomains.com,iM9}l3Q2|
kfeathersq5,cburberryq5@epa.gov,jQ1*R*nvqz/b
lsmallsq6,regreq6@loc.gov,wT4\0u<+jDa
abruckmannq7,kchattq7@mayoclinic.com,gY3~0O!$_sAI
sadelbergq8,nbuffq8@merriam-webster.com,"uW5""zwQM2Sp"
rdunbarq9,ffishburnq9@globo.com,hO5?t6DY
wmarrisonqa,phuftonqa@ycombinator.com,"lG7%,MXH6m_2"
lmontillaqb,swoolesqb@behance.net,kB8(g!ka6
docodihieqc,rarnaudonqc@bandcamp.com,bU6#mm/qdFc
krobertiqd,bdanetqd@hao123.com,yF4&dTifdqI4\H/Z
hlympenieqe,apertqe@pagesperso-orange.fr,xE6+BwGczb
cberardtqf,kfliegeqf@is.gd,xB2+>tp)kXV7M?+F
ealowayqg,ptilzeyqg@vkontakte.ru,"gH9{52M$""|"
cdrowsfieldqh,lwestfrimleyqh@indiegogo.com,wR7/7qSW9A*QpkL
bbourgaizeqi,bfrickeqi@godaddy.com,"tW6""ONn6AIZd!8"
scroxleyqj,bcoppenqj@issuu.com,pY2!g'Xg_=
fsydenhamqk,ekingsleyqk@wired.com,xK0$h>Xv9$l
ppreatorql,rgennql@liveinternet.ru,vX7`Y}=JcXbd
ppeidroqm,jhicklingbottomqm@bigcartel.com,"kI8""kR<p@RRuV"
jtrevillionqn,tgeevesqn@usnews.com,"yU9|9HIu>a/#,I<C"
lchambersqo,aportmanqo@marketwatch.com,eV1!%L`*fhs3z
cgorvinqp,nmessengerqp@google.de,tZ8/7+?$qSJC)#p
bchapmanqq,dtooneqq@foxnews.com,oT5|zf!b2yMF3
mwarrenqr,mjaquestqr@amazon.co.jp,lH2\*eSc|q{wIJS
jstanionqs,rgerardotqs@ebay.co.uk,"fM3%SM)P""`"
ghallardqt,daitkenheadqt@wordpress.com,xL7.UlYY
edowdellqu,rrowlyqu@mediafire.com,xE8(Ed*cBZi
tledesqv,wbevesqv@livejournal.com,mQ7)d.r)jm)@
mclarkeqw,medwardsonqw@prnewswire.com,jX4+b.zFpbzJ
hburnittqx,rbiglinqx@wunderground.com,"jG1<+""kI|<e"
mbenoeyqy,icreakqy@thetimes.co.uk,"dH0`a8Z,5"
ccruzqz,slawleeqz@sfgate.com,yS9*rilxNJklx
awellingsr0,arowanr0@cisco.com,"eT6""')nX=(wv?AG"
rcordallr1,mticicr1@harvard.edu,yF4$ngoLTmu
calyokhinr2,mnelthroppr2@addthis.com,"sF5@$9|R)S<""j"
gdeguiser3,cskeinr3@phpbb.com,"dU7/T)@@nogU""T#s"
ocristoforor4,hbrancher4@house.gov,gW5`n$T&G?MKyW
ldavidescur5,tgellatelyr5@mysql.com,"vA8""*7!xDoE4?'"
solliffr6,ttothacotr6@zimbio.com,kG1=fFsKj
mbunstoner7,tsetterr7@ifeng.com,kU2&6/Ye
lillesr8,chowshipr8@tinyurl.com,eJ1'99lH(`
omacairtr9,cwestellr9@ask.com,lL6&X&bQ)g2#Y82R
lrampleera,jcallfra@adobe.com,eK9.9X+*t9#&5D~
nsergeantrb,awyardrb@edublogs.org,sB6)/Jg\\Pz@W6zo
gmarshmanrc,cyewenrc@nih.gov,oJ4<3Wklt76e)Bn
scrowdyrd,acasarolird@godaddy.com,"fK6>wuwj""3.ZNG"
gpratleyre,mskerrittre@fema.gov,mY4&B\)GrxF
mcowellrf,biredellrf@tumblr.com,xZ1%E'~Md4LB6
kmatyushenkorg,ahavelinerg@tumblr.com,iR3&5..N}9B
cgoodrichrh,cipsgraverh@goodreads.com,lH0<'qqUk._cuK
wfeitosari,dosiaghailri@blogtalkradio.com,"xP6""m1$xy"
sizkoveskirj,aglenrj@posterous.com,yV9_X4J6?&{>&
gceresark,oheppnerrk@google.co.uk,mG7\pz8yn
strolleyrl,mlucerl@xrea.com,eZ0#TbCAtrZ1HsRo
kvahlrm,oagnewrm@weather.com,fB5=!|$GXCZ$>Lw
ccostellrn,ccolleerrn@gizmodo.com,"oI9|""BD)CHV"
apurcerro,hevettro@free.fr,"yR1.K""/d"
flangstaffrp,agheeorghierp@miitbeian.gov.cn,pD9%Wk7=n{M_rKJm
eedelheitrq,cpensomrq@ca.gov,hI0\j`Nf|2uE>6c=
aluttyrr,strimblerr@opensource.org,cA7+%pX2x`'AB
